year,rel_price_CHN,rel_price_CHN_export,rel_price_CHN_import,rel_price_USA,rel_price_USA_export,rel_price_USA_import,REER_USA,REER_CHN
1960,1.0,1.0,1.0302436671166217,0.820633018517782,0.820633018517782,0.8616344779509953,110.9490147,102.8827848
1961,1.0,1.0,1.0321522154809837,0.8784797892908898,0.8784797892908898,0.962864049362373,95.95850857,101.5562508
1962,1.0,1.0,1.031106173811953,0.942533752347218,0.942533752347218,1.0165787471278374,95.80139079,115.394404
1963,1.0,1.0,1.0712699795842573,0.7594431331563174,0.7594431331563174,0.8110037618137805,97.00303677,105.5978746
1964,1.0,1.0,1.0345504067519316,0.7372567923570819,0.7372567923570819,0.7612039923962639,89.38052138,99.36041204
1965,1.0,1.0,1.0476533826659091,1.099559412638898,1.099559412638898,1.1352726203441368,97.37122489,95.2222978
1966,1.0,1.0,1.091743072792481,0.9491621274641896,0.9491621274641896,0.9725558312051833,96.20433669,91.9677684
1967,1.0,1.0,1.05791693122103,1.0220265229654086,1.0220265229654086,1.1132874529880716,100.7519689,101.0173182
1968,1.0,1.0,1.0734046190816822,1.04140324148192,1.04140324148192,1.1123115560501842,101.7087799,96.21824627
1969,1.0,1.0,1.0337855896961303,0.9007819501789388,0.9007819501789388,0.9698231089821456,109.3808542,92.88873145
1970,1.0,1.0,1.0353831215046938,0.950584259216728,0.950584259216728,0.9711613281019846,104.7521192,96.76713558
1971,1.0,1.0,1.0232694893013183,0.8084201281085012,0.8084201281085012,0.8873161024257511,97.11548172,94.59225998
1972,1.0,1.0,1.0335148050457732,0.8939914306031722,0.8939914306031722,0.971406986202776,95.50792664,108.4357082
1973,1.0,1.0,1.0422872271225567,0.910754292511566,0.910754292511566,0.9444404788832635,102.4595959,104.4081988
1974,1.0,1.0,1.0341608387421397,0.8049182303388005,0.8049182303388005,0.8327249334124365,93.39883396,99.96013679
1975,1.0,1.0,1.0270962027005646,0.9844966155549688,0.9844966155549688,1.0186314374043262,109.1572938,107.3997207
1976,1.0,1.0,1.0296508696880482,0.827301565047174,0.827301565047174,0.8639836030484286,105.8972006,100.3868415
1977,1.0,1.0,1.0568623014426182,0.8671840784489029,0.8671840784489029,0.920932593823892,97.65412174,95.69357899
1978,1.0,1.0,1.0365066974724635,1.0150840890855004,1.0150840890855004,1.0704626121298786,91.43432735,107.6156204
1979,1.0,1.0,1.049141588883846,0.994693864378371,0.994693864378371,1.037762448776593,106.7693619,102.6945502
1980,1.0,1.0,1.0602733816683887,1.2975703073226628,1.2975703073226628,1.3870354853604105,99.42730077,94.81376923
1981,1.0,1.0,1.0752315862903492,1.0075757481517018,1.0075757481517018,1.03897131359546,106.1890816,99.04830661
1982,1.0,1.0,1.023144971187288,0.9290940305376306,0.9290940305376306,0.9693902990689902,92.02786171,95.62190873
1983,1.0,1.0,1.0839528319127234,1.2070224845102695,1.2070224845102695,1.266539492786244,97.00312489,93.08600135
1984,1.0,1.0,1.0702320311592728,0.7043653852605077,0.7043653852605077,0.7441518857768208,100.0262185,104.6308877
1985,1.0,1.0,1.0265407225559098,1.2040257470601494,1.2040257470601494,1.303736027880544,100.234903,109.5470832
1986,1.0,1.0,1.0898862899285422,0.929547973734785,0.929547973734785,0.9629874419785419,97.74967264,93.00716213
1987,1.0,1.0,1.093669792042545,0.9339229585779903,0.9339229585779903,0.9910218455996248,103.1142497,102.8148462
1988,1.0,1.0,1.024886236788389,0.8096421749872499,0.8096421749872499,0.8642065240892027,94.66189785,96.74678715
1989,1.0,1.0,1.0421502118517763,0.8368661568033989,0.8368661568033989,0.8567133022094602,99.28810257,97.56437308
1990,1.0,1.0,1.084496102383445,0.990170420897976,0.990170420897976,1.0580996646536673,100.6014782,97.03803038
1991,1.0,1.0,1.0798607752306928,0.8569881085009631,0.8569881085009631,0.8858188423679868,102.5721942,95.68004615
1992,1.0,1.0,1.0347616815485101,1.1958547764577454,1.1958547764577454,1.225995252641911,103.5580744,100.2426081
1993,1.0,1.0,1.0367479458669369,1.277168975137033,1.277168975137033,1.399663328170669,94.37678954,95.84524942
1994,1.0,1.0,1.0496377682233107,0.8879559410874082,0.8879559410874082,0.9743101559629858,92.32942915,101.3522841
1995,1.0,1.0,1.0587618388152817,1.142467415516011,1.142467415516011,1.2392021741473402,106.3883841,99.74880945
1996,1.0,1.0,1.0694603817224237,1.068824931242054,1.068824931242054,1.1162477331382639,101.6615701,98.80525977
1997,1.0,1.0,1.049513091165582,0.9976427549155884,0.9976427549155884,1.0253909601655609,96.25756732,95.46218169
1998,1.0,1.0,1.0570027772906518,1.0209567710621468,1.0209567710621468,1.0972616937955444,107.7557599,97.11614335
1999,1.0,1.0,1.0797976750507006,0.9260333899427088,0.9260333899427088,0.9771617302111165,100.5783732,103.7769561
2000,1.0,1.0,1.0229346562312478,1.2340487975536525,1.2340487975536525,1.2707778644619871,105.8964859,102.5045859
2001,1.0,1.0,1.0401949555475216,1.107033703822078,1.107033703822078,1.1730285802063318,100.3375924,95.11222378
2002,1.0,1.0,1.0770679668707643,1.340270589896822,1.340270589896822,1.3707631955732202,110.3037396,100.4966615
2003,1.0,1.0,1.0916165470149761,0.8400868146671,0.8400868146671,0.9180011973679758,108.7767042,103.7569356
2004,1.0,1.0,1.0609341953692533,1.1602426005637705,1.1602426005637705,1.2074672572810816,98.75517926,91.65297359
2005,1.0,1.0,1.0625690788212254,1.0826850024057548,1.0826850024057548,1.1617229377362426,104.8578548,102.716801
2006,1.0,1.0,1.028573760907182,1.216450088452058,1.216450088452058,1.2711135675075351,103.2268797,96.68688121
2007,1.0,1.0,1.0557929893458764,0.9261685581489052,0.9261685581489052,0.9832255812569719,106.8431578,102.8529933
2008,1.0,1.0,1.062609381316402,1.4049150447162744,1.4049150447162744,1.4944598653346326,95.1753827,96.18370422
1960,1.2185714898557074,1.2185714898557074,1.2665803310816404,1.0,1.0,1.0347883564420421,103.4302573,90.9755895
1961,1.138330115490991,1.138330115490991,1.185615732055353,1.0,1.0,1.0975667702211647,105.2921224,91.86228781
1962,1.0609699626243327,1.0609699626243327,1.1142123350310487,1.0,1.0,1.0820106258688893,91.20630257,100.2404247
1963,1.3167542852667655,1.3167542852667655,1.3452036778268415,1.0,1.0,1.0951599153251352,94.08370744,101.2986125
1964,1.35637950082888,1.35637950082888,1.418456017072745,1.0,1.0,1.091586188034212,89.80383911,95.47841687
1965,0.9094551767785248,0.9094551767785248,0.9430284790806961,1.0,1.0,1.067831998304887,98.65296583,103.1929623
1966,1.0535607891052612,1.0535607891052612,1.1022350743906024,1.0,1.0,1.0937499388018495,103.5877113,91.69239969
1967,0.9784481885054228,0.9784481885054228,1.0073916355499388,1.0,1.0,1.0270794001641537,107.5117853,99.66960101
1968,0.9602428340601256,0.9602428340601256,1.0478574859305707,1.0,1.0,1.0356786289935316,100.3704739,93.944919
1969,1.1101465785380709,1.1101465785380709,1.1850674806175558,1.0,1.0,1.023618183112843,108.1430777,96.74081946
1970,1.051984598213303,1.051984598213303,1.1301767046056441,1.0,1.0,1.0460264264610613,93.09949271,100.2369934
1971,1.2369805812971868,1.2369805812971868,1.3398153527211727,1.0,1.0,1.0510941831751586,91.4830878,95.69793317
1972,1.1185789547504994,1.1185789547504994,1.1855542901560379,1.0,1.0,1.0417079225419117,99.72226151,98.07722228
1973,1.0979909820049525,1.0979909820049525,1.1275858170429127,1.0,1.0,1.0862990007321545,101.9203272,105.031464
1974,1.2423622205439266,1.2423622205439266,1.3205919350317943,1.0,1.0,1.0485402661354872,99.83652626,97.11554065
1975,1.0157475243693872,1.0157475243693872,1.0837490678830048,1.0,1.0,1.0424747607749905,89.6627895,104.1784606
1976,1.2087490731907156,1.2087490731907156,1.3050079965377366,1.0,1.0,1.0634156866526598,99.5543998,94.35146573
1977,1.153157703020401,1.153157703020401,1.2160425795461727,1.0,1.0,1.031273937997981,93.4776525,102.6490209
1978,0.985140059579606,0.985140059579606,1.0148976181389746,1.0,1.0,1.0841757584603233,103.3483627,107.2078431
1979,1.0053344408884486,1.0053344408884486,1.0482643050337195,1.0,1.0,1.0259640514943817,101.8329912,87.6417775
1980,0.7706711492677005,0.7706711492677005,0.8084699363045978,1.0,1.0,1.0989509549280414,95.30060107,96.01552372
1981,0.9924812122903924,0.9924812122903924,1.0636156946734845,1.0,1.0,1.0817795815437328,97.43066541,102.8853606
1982,1.076317323254503,1.076317323254503,1.146990755883832,1.0,1.0,1.0358972545227338,94.70393239,98.98477307
1983,0.8284849808789885,0.8284849808789885,0.8686563436282921,1.0,1.0,1.0204417693698882,99.68660451,101.8557294
1984,1.419717693296573,1.419717693296573,1.5601578994359655,1.0,1.0,1.085236914276387,104.7757116,96.98007407
1985,0.8305470231360784,0.8305470231360784,0.8874079214314128,1.0,1.0,1.0765485875078094,95.07136977,100.4329489
1986,1.075791705491164,1.075791705491164,1.1177240687905765,1.0,1.0,1.078320573443279,102.5202326,99.22161382
1987,1.070752133048126,1.070752133048126,1.1008858796823053,1.0,1.0,1.0817016277348757,97.34871191,105.8389103
1988,1.2351135240895126,1.2351135240895126,1.2749196657782829,1.0,1.0,1.0259235721387272,96.03563584,101.2721042
1989,1.1949342100530482,1.1949342100530482,1.242345158563996,1.0,1.0,1.0486772582835417,99.4648482,101.6880133
1990,1.009927158895647,1.009927158895647,1.0431078206962379,1.0,1.0,1.0292695247620105,94.82378839,97.94061517
1991,1.1668773347966197,1.1668773347966197,1.2076309480354261,1.0,1.0,1.0890482740700476,97.23175347,97.56196888
1992,0.8362219390569405,0.8362219390569405,0.8720186046205541,1.0,1.0,1.0698638501462048,94.01061054,97.83720906
1993,0.7829817506275594,0.7829817506275594,0.809501254532629,1.0,1.0,1.046471841988212,109.8236257,101.9722607
1994,1.126182002651371,1.126182002651371,1.229499329249542,1.0,1.0,1.025084668022882,100.1763178,97.8950776
1995,0.8752984867829567,0.8752984867829567,0.898422734611941,1.0,1.0,1.0448785857372531,96.50137246,101.4488743
1996,0.9356069181862416,0.9356069181862416,0.9935779753299193,1.0,1.0,1.0460146657621399,101.0698996,110.377004
1997,1.0023628148180268,1.0023628148180268,1.055319392609887,1.0,1.0,1.0783684942670453,99.43835975,104.3556235
1998,0.9794734001907404,0.9794734001907404,1.0760399661288074,1.0,1.0,1.071004597708417,98.895152,98.36988234
1999,1.079874668516939,1.079874668516939,1.1111511996744559,1.0,1.0,1.0909770194061061,103.0708335,106.0060696
2000,0.8103407271919677,0.8103407271919677,0.852339429371657,1.0,1.0,1.057777194012956,103.7875386,97.95962313
2001,0.9033148643509772,0.9033148643509772,0.9914401258721107,1.0,1.0,1.029567539675064,97.34749426,89.80937732
2002,0.7461179910520777,0.7461179910520777,0.8127019859141812,1.0,1.0,1.0770595829778398,97.1209088,94.95956845
2003,1.1903531665310907,1.1903531665310907,1.2919685760168,1.0,1.0,1.080862803889352,98.62474151,90.64604039
2004,0.8618887114764555,0.8618887114764555,0.8969091685290165,1.0,1.0,1.0649021758055597,88.49039418,98.24243258
2005,0.9236296778638048,0.9236296778638048,0.9547292192044418,1.0,1.0,1.081677374396365,92.42404469,100.0920919
2006,0.8220641434392986,0.8220641434392986,0.8824788355763783,1.0,1.0,1.0595036477091513,106.8343713,108.3821866
2007,1.0797170679154329,1.0797170679154329,1.181588458711489,1.0,1.0,1.0618186263505596,108.2248386,101.6346369
2008,0.7117868114238552,0.7117868114238552,0.7577262663993328,1.0,1.0,1.054203281468684,98.7548198,98.90449736
1960,1.1351148316455424,1.1351148316455424,1.2097248116203798,0.9315127106575856,0.9315127106575856,0.9520372240432126,98.7548198,98.90449736
1960,1.024395055837478,1.024395055837478,1.0678276928969037,0.8406524068266016,0.8406524068266016,0.8647213899853639,98.7548198,98.90449736
1960,1.2502614300745047,1.2502614300745047,1.352232045482777,1.0260058112983996,1.0260058112983996,1.049105649697085,98.7548198,98.90449736
1960,1.2497933412222737,1.2497933412222737,1.293490490563875,1.0256216821306587,1.0256216821306587,1.0983514210953378,98.7548198,98.90449736
1960,1.030290043275604,1.030290043275604,1.0775745236997036,0.8454900281620751,0.8454900281620751,0.8836626165087679,98.7548198,98.90449736
1960,1.3755863174507683,1.3755863174507683,1.449916007312242,1.1288515519213842,1.1288515519213842,1.1973566480784523,98.7548198,98.90449736
1960,1.1945325738700268,1.1945325738700268,1.2669317959212738,0.9802728718127756,0.9802728718127756,1.0710513527495533,98.7548198,98.90449736
1960,1.3478215197121846,1.3478215197121846,1.4009159544213656,1.1060668421446342,1.1060668421446342,1.1502468884807984,98.7548198,98.90449736
1960,1.2067973874082636,1.2067973874082636,1.2420201175623113,0.9903377827682166,0.9903377827682166,1.0426579555503845,98.7548198,98.90449736
1960,1.2819593573550687,1.2819593573550687,1.3702217506778982,1.052018177043406,1.052018177043406,1.1366468230989244,98.7548198,98.90449736
1961,1.1137224033019604,1.1137224033019604,1.1617131964416887,0.9783826221812496,0.9783826221812496,1.0158584465531908,98.7548198,98.90449736
1961,0.9482735244656462,0.9482735244656462,1.0113328202975644,0.8330391259627102,0.8330391259627102,0.8548300906260017,98.7548198,98.90449736
1961,0.9596018106292092,0.9596018106292092,0.9906439861274547,0.842990796404704,0.842990796404704,0.8793912369768939,98.7548198,98.90449736
1961,0.9414466767130796,0.9414466767130796,0.9965130302413101,0.8270418781875144,0.8270418781875144,0.8542496562484135,98.7548198,98.90449736
1961,1.0318063604371868,1.0318063604371868,1.0964048207665993,0.9064210341058596,0.9064210341058596,0.9919652553833485,98.7548198,98.90449736
1961,1.269689792434883,1.269689792434883,1.3003475735404852,1.1153968213229892,1.1153968213229892,1.2098147499584473,98.7548198,98.90449736
1961,0.949780389178282,0.949780389178282,0.9943520083492156,0.8343628761579566,0.8343628761579566,0.893329220085219,98.7548198,98.90449736
1961,0.9887527068168956,0.9887527068168956,1.0191599910059799,0.8685992695453033,0.8685992695453033,0.946527257502175,98.7548198,98.90449736
1961,1.0104579996608023,1.0104579996608023,1.0357901793254165,0.8876669306293157,0.8876669306293157,0.962491719300584,98.7548198,98.90449736
1961,1.0655322447709898,1.0655322447709898,1.1712296535586073,0.936048541869068,0.936048541869068,0.9687406032325854,98.7548198,98.90449736
1962,1.0747829765964114,1.0747829765964114,1.1239954701298782,1.013019231890328,1.013019231890328,1.105613971013504,98.7548198,98.90449736
1962,1.1057514908345452,1.1057514908345452,1.1995081107226413,1.0422081018198142,1.0422081018198142,1.108020812190463,98.7548198,98.90449736
1962,1.1066583451245335,1.1066583451245335,1.1513355284752078,1.043062842596589,1.043062842596589,1.1313009653262855,98.7548198,98.90449736
1962,1.02293965249903,1.02293965249903,1.0991693381769219,0.96415514909467,0.96415514909467,1.0525559353469773,98.7548198,98.90449736
1962,1.2176556731848187,1.2176556731848187,1.3160644479691415,1.1476815707137649,1.1476815707137649,1.1998325403398917,98.7548198,98.90449736
1962,1.1597695981272322,1.1597695981272322,1.2382292863156787,1.0931219911810852,1.0931219911810852,1.1246084453145473,98.7548198,98.90449736
1962,1.192675528800282,1.192675528800282,1.2615240297801822,1.124136941492832,1.124136941492832,1.1671181072409742,98.7548198,98.90449736
1962,1.2472738245968669,1.2472738245968669,1.3133135724579188,1.1755976781017503,1.1755976781017503,1.2392781856324415,98.7548198,98.90449736
1962,1.2480331964294658,1.2480331964294658,1.307825794584172,1.1763134116845568,1.1763134116845568,1.2768190191270987,98.7548198,98.90449736
1962,1.0705529931006286,1.0705529931006286,1.1715728695665433,1.009032329673681,1.009032329673681,1.0986933751187173,98.7548198,98.90449736
1963,1.0382243196781311,1.0382243196781311,1.1279783476366432,0.7884723302554459,0.7884723302554459,0.8046803018653683,98.7548198,98.90449736
1963,1.171674543046348,1.171674543046348,1.2855638310738844,0.889820186010615,0.889820186010615,0.9439744505135464,98.7548198,98.90449736
1963,1.2822651109437928,1.2822651109437928,1.3206609726076846,0.9738074333921868,0.9738074333921868,1.0258018170717083,98.7548198,98.90449736
1963,1.3575347197160956,1.3575347197160956,1.4640596519584328,1.0309704209096748,1.0309704209096748,1.0699087559557352,98.7548198,98.90449736
1963,1.1752990022690009,1.1752990022690009,1.2870314305296133,0.8925727566786638,0.8925727566786638,0.9189832967203431,98.7548198,98.90449736
1963,1.1922497617435373,1.1922497617435373,1.2333807633748926,0.9054458945633848,0.9054458945633848,0.9480101941258309,98.7548198,98.90449736
1963,1.3617473500003892,1.3617473500003892,1.3962263862701272,1.0341696740516078,1.0341696740516078,1.1328633572250646,98.7548198,98.90449736
1963,1.1484916132480136,1.1484916132480136,1.2395551135221383,0.872214069168825,0.872214069168825,0.912210522112611,98.7548198,98.90449736
1963,1.2439209510515874,1.2439209510515874,1.325967301376645,0.9446872244654037,0.9446872244654037,1.0027885587573855,98.7548198,98.90449736
1963,1.1829494663974465,1.1829494663974465,1.2862757279065324,0.8983828491264705,0.8983828491264705,0.966876920131574,98.7548198,98.90449736
1964,1.144824134230771,1.144824134230771,1.180521800120232,0.8440293690159516,0.8440293690159516,0.8854630815044081,98.7548198,98.90449736
1964,1.0759448820009236,1.0759448820009236,1.1659168831624047,0.79324767245702,0.79324767245702,0.8707817359264675,98.7548198,98.90449736
1964,0.9562747064771796,0.9562747064771796,0.9908250891104382,0.7050200227095754,0.7050200227095754,0.7734039922627155,98.7548198,98.90449736
1964,1.4162710350706829,1.4162710350706829,1.4631389494999267,1.0441554404244555,1.0441554404244555,1.0860705375520339,98.7548198,98.90449736
1964,1.2966609523164,1.2966609523164,1.3396339350409854,0.955972094479468,0.955972094479468,1.0131199920214358,98.7548198,98.90449736
1964,1.2864877543243105,1.2864877543243105,1.3960527416155828,0.9484718351598066,0.9484718351598066,0.9902712400767383,98.7548198,98.90449736
1964,1.3047453304284669,1.3047453304284669,1.4002732744384252,0.9619323571545724,0.9619323571545724,1.0030907873512311,98.7548198,98.90449736
1964,1.105370175669385,1.105370175669385,1.1737320528198627,0.8149416700811949,0.8149416700811949,0.8336453603213229,98.7548198,98.90449736
1964,0.9748615474772856,0.9748615474772856,1.0223435817096043,0.7187232974853646,0.7187232974853646,0.768146410486872,98.7548198,98.90449736
1964,1.265135468677527,1.265135468677527,1.3792203794371392,0.9327297175343668,0.9327297175343668,0.9888934049527908,98.7548198,98.90449736
1965,0.9300927439841182,0.9300927439841182,0.9778954266098696,1.022692231274878,1.022692231274878,1.0473578294187034,98.7548198,98.90449736
1965,1.0463274325815235,1.0463274325815235,1.1356084128291386,1.1504991771973063,1.1504991771973063,1.1991557629679053,98.7548198,98.90449736
1965,0.8890215899893052,0.8890215899893052,0.9380340549600437,0.9775320573119396,0.9775320573119396,1.0681114200657973,98.7548198,98.90449736
1965,0.9425216129099276,0.9425216129099276,0.9897943068960443,1.0363585110907068,1.0363585110907068,1.0769474416585767,98.7548198,98.90449736
1965,0.8817674013003353,0.8817674013003353,0.9320408255058688,0.969555645857924,0.969555645857924,1.000185450078435,98.7548198,98.90449736
1965,0.9527262243004216,0.9527262243004216,0.9947511971176375,1.047579087597447,1.047579087597447,1.1095499074320856,98.7548198,98.90449736
1965,0.8360941939018455,0.8360941939018455,0.902821826745636,0.9193352407575062,0.9193352407575062,1.0102134013752575,98.7548198,98.90449736
1965,0.9591481961660676,0.9591481961660676,1.0169058285160373,1.0546404272100198,1.0546404272100198,1.0961557377506463,98.7548198,98.90449736
1965,0.9268535882650198,0.9268535882650198,0.9626088336093217,1.0191305871149403,1.0191305871149403,1.0943127104611252,98.7548198,98.90449736
1965,0.8360400573131062,0.8360400573131062,0.9129272886831991,0.9192757143617898,0.9192757143617898,0.9936723019252863,98.7548198,98.90449736
1966,1.064592616801195,1.064592616801195,1.118579489931516,1.010470993045691,1.010470993045691,1.04989048051164,98.7548198,98.90449736
1966,1.0361305396556275,1.0361305396556275,1.1019084879941319,0.9834558673501542,0.9834558673501542,1.0604184759565685,98.7548198,98.90449736
1966,1.1010161424852396,1.1010161424852396,1.2028796994857156,1.0450428241737053,1.0450428241737053,1.09669161055321,98.7548198,98.90449736
1966,1.176713064560502,1.176713064560502,1.259011246266677,1.116891475773152,1.116891475773152,1.1957266646703457,98.7548198,98.90449736
1966,1.1527065196129194,1.1527065196129194,1.1865405806975382,1.0941053724976402,1.0941053724976402,1.1714393407620225,98.7548198,98.90449736
1966,1.2658644130018648,1.2658644130018648,1.3863577044201636,1.201510559326057,1.201510559326057,1.2770398857394105,98.7548198,98.90449736
1966,1.0092857270524376,1.0092857270524376,1.080154383891155,0.9579757879083328,0.9579757879083328,0.9840549367551342,98.7548198,98.90449736
1966,1.2156291694517984,1.2156291694517984,1.2725114355760614,1.153829168684395,1.153829168684395,1.2540094627849412,98.7548198,98.90449736
1966,1.0263352446583642,1.0263352446583642,1.0582971364932159,0.9741585443114124,0.9741585443114124,1.0186409664885996,98.7548198,98.90449736
1966,1.0982847030307858,1.0982847030307858,1.190015654627137,1.0424502452900763,1.0424502452900763,1.0788541515492753,98.7548198,98.90449736
1967,0.9026974916911208,0.9026974916911208,0.9655304912403568,0.922580778722672,0.922580778722672,0.9440418632449751,98.7548198,98.90449736
1967,1.0679000041368216,1.0679000041368216,1.1348326524058259,1.0914221281027012,1.0914221281027012,1.1648436613475857,98.7548198,98.90449736
1967,0.951884744084914,0.951884744084914,1.0389930559791614,0.9728514552609224,0.9728514552609224,1.0450420424022373,98.7548198,98.90449736
1967,1.0434730748481575,1.0434730748481575,1.1301729328901722,1.0664571584950862,1.0664571584950862,1.089201518377308,98.7548198,98.90449736
1967,0.8753952911401206,0.8753952911401206,0.9035252350031067,0.8946772056242291,0.8946772056242291,0.949223388650215,98.7548198,98.90449736
1967,0.860257979091231,0.860257979091231,0.8989160503594507,0.8792064712238601,0.8792064712238601,0.9127215247490487,98.7548198,98.90449736
1967,0.9844618908470176,0.9844618908470176,1.0237213757388939,1.006146163294329,1.006146163294329,1.0782001367788048,98.7548198,98.90449736
1967,0.9255004002243388,0.9255004002243388,0.9990922155505397,0.945885956044375,0.945885956044375,0.9779981356773768,98.7548198,98.90449736
1967,0.9527839342091666,0.9527839342091666,0.9743955461006435,0.9737704514170972,0.9737704514170972,1.047071040696091,98.7548198,98.90449736
1967,0.9736501931218496,0.9736501931218496,1.0375130531229353,0.9950963214609228,0.9950963214609228,1.0457853615287478,98.7548198,98.90449736
1968,0.927873861965704,0.927873861965704,1.003028578031219,0.9662908475374316,0.9662908475374316,1.058028953666592,98.7548198,98.90449736
1968,0.9241073531386584,0.9241073531386584,1.0074075459542982,0.962368393035876,0.962368393035876,0.992203425698718,98.7548198,98.90449736
1968,0.8516687747966653,0.8516687747966653,0.8920093777973328,0.8869306227421824,0.8869306227421824,0.9288694104876989,98.7548198,98.90449736
1968,1.136198749710153,1.136198749710153,1.23357164652505,1.183241060915858,1.183241060915858,1.217647204506861,98.7548198,98.90449736
1968,1.217040783583107,1.217040783583107,1.2521530661214193,1.2674302170391432,1.2674302170391432,1.3865375920446867,98.7548198,98.90449736
1968,0.9256221803730488,0.9256221803730488,1.0068142252490755,0.9639459390280553,0.9639459390280553,1.0508814743559043,98.7548198,98.90449736
1968,1.0922619393838984,1.0922619393838984,1.1252472592570315,1.13748512422172,1.13748512422172,1.1837072078616366,98.7548198,98.90449736
1968,1.0713991368332865,1.0713991368332865,1.1268793803844492,1.1157585340191154,1.1157585340191154,1.1969843312338257,98.7548198,98.90449736
1968,1.0614656753596938,1.0614656753596938,1.1503991219787557,1.1054137950413805,1.1054137950413805,1.1997915664395278,98.7548198,98.90449736
1968,1.0118446737248334,1.0118446737248334,1.0442170192282412,1.053738323093257,1.053738323093257,1.1216159993307089,98.7548198,98.90449736
1969,0.883877392768124,0.883877392768124,0.9177653506640211,0.7961808015767468,0.7961808015767468,0.8458402273707675,98.7548198,98.90449736
1969,1.0099843481837805,1.0099843481837805,1.0885411383084587,0.9097756708071902,0.9097756708071902,0.9455736906385512,98.7548198,98.90449736
1969,1.1115074293484468,1.1115074293484468,1.1977636547172787,1.001225829846873,1.001225829846873,1.0287076981204106,98.7548198,98.90449736
1969,0.9539880577039416,0.9539880577039416,1.0219995936578383,0.8593352230659747,0.8593352230659747,0.9382026558072245,98.7548198,98.90449736
1969,1.137259788885337,1.137259788885337,1.223140957579201,1.0244230904922222,1.0244230904922222,1.1187042762104078,98.7548198,98.90449736
1969,0.8608097056968819,0.8608097056968819,0.9154004972790235,0.7754018454305958,0.7754018454305958,0.8301825254043671,98.7548198,98.90449736
1969,1.1055016816734766,1.1055016816734766,1.149880857952181,0.9958159607439308,0.9958159607439308,1.0427411821263275,98.7548198,98.90449736
1969,1.13219119049753,1.13219119049753,1.186146530982315,1.0198573885517794,1.0198573885517794,1.0687460535085547,98.7548198,98.90449736
1969,0.9910087958756634,0.9910087958756634,1.0252261665660687,0.892682835793362,0.892682835793362,0.9623803464351639,98.7548198,98.90449736
1969,0.9664952813899894,0.9664952813899894,1.0560662414901925,0.870601504409217,0.870601504409217,0.9504955778522539,98.7548198,98.90449736
1970,0.9884987580604936,0.9884987580604936,1.054403298388823,0.93965135966759,0.93965135966759,1.025128544037212,98.7548198,98.90449736
1970,1.1978836360974991,1.1978836360974991,1.2602551770312622,1.138689328847582,1.138689328847582,1.2325059923763144,98.7548198,98.90449736
1970,0.9173878657697052,0.9173878657697052,0.9696427045393641,0.8720544647971104,0.8720544647971104,0.9342864791786435,98.7548198,98.90449736
1970,1.1358429273563244,1.1358429273563244,1.2446369924234957,1.0797144076875715,1.0797144076875715,1.1085764664387217,98.7548198,98.90449736
1970,0.9775457062724432,0.9775457062724432,1.0090892608512505,0.9292395610474836,0.9292395610474836,0.9598396958954691,98.7548198,98.90449736
1970,1.030425765056485,1.030425765056485,1.0993595862100023,0.9795065125540492,0.9795065125540492,1.0695078171687296,98.7548198,98.90449736
1970,0.9855325456720908,0.9855325456720908,1.0451287771877487,0.9368317248616808,0.9368317248616808,1.0010181179162858,98.7548198,98.90449736
1970,1.0481290422395264,1.0481290422395264,1.1203622584570707,0.996334969180799,0.996334969180799,1.0169947360955358,98.7548198,98.90449736
1970,0.9818778371461974,0.9818778371461974,1.0029379529387474,0.9333576164649412,0.9333576164649412,0.9596015077853168,98.7548198,98.90449736
1970,1.2655640195033375,1.2655640195033375,1.3791735910700702,1.2030252359709253,1.2030252359709253,1.2909424904782116,98.7548198,98.90449736
1971,1.0856177324229517,1.0856177324229517,1.1882840179657976,0.877635226322223,0.877635226322223,0.8955433087914215,98.7548198,98.90449736
1971,1.1281795226643494,1.1281795226643494,1.201748847941913,0.9120430342417007,0.9120430342417007,0.9420170039781597,98.7548198,98.90449736
1971,1.1881706364458289,1.1881706364458289,1.278153253397651,0.9605410581302964,0.9605410581302964,1.0219183860665046,98.7548198,98.90449736
1971,1.1137105750304324,1.1137105750304324,1.2181765718331359,0.9003460457418947,0.9003460457418947,0.9681885750815664,98.7548198,98.90449736
1971,1.3816789299751095,1.3816789299751095,1.4874866461342273,1.1169770575752949,1.1169770575752949,1.1975746602701847,98.7548198,98.90449736
1971,1.1629801637074983,1.1629801637074983,1.2004317574696655,0.9401765729320614,0.9401765729320614,0.9758483244533,98.7548198,98.90449736
1971,1.1022201100452311,1.1022201100452311,1.1750802418270039,0.8910569225665319,0.8910569225665319,0.9596454390410437,98.7548198,98.90449736
1971,1.1032722260695025,1.1032722260695025,1.1788874193759065,0.8919074743376583,0.8919074743376583,0.9266739625778662,98.7548198,98.90449736
1971,1.1501068599616189,1.1501068599616189,1.2121326447276513,0.929769535068638,0.929769535068638,0.9725686638555322,98.7548198,98.90449736
1971,0.9925005804092646,0.9925005804092646,1.0708242985211773,0.8023574463622194,0.8023574463622194,0.8663208302928113,98.7548198,98.90449736
1972,1.115923421954583,1.115923421954583,1.2216564533122771,0.9976259764367652,0.9976259764367652,1.0694257483844944,98.7548198,98.90449736
1972,1.2540998555871872,1.2540998555871872,1.372042279768726,1.121154524015621,1.121154524015621,1.2197464679819754,98.7548198,98.90449736
1972,1.1084832528349648,1.1084832528349648,1.1706327493252742,0.990974529001588,0.990974529001588,1.0629282296786362,98.7548198,98.90449736
1972,1.0727033200285825,1.0727033200285825,1.1038750526473082,0.9589875756851248,0.9589875756851248,1.021767398379122,98.7548198,98.90449736
1972,1.1588038984959803,1.1588038984959803,1.2732790021264608,1.0359607550049543,1.0359607550049543,1.0644434407613816,98.7548198,98.90449736
1972,0.9283972881198186,0.9283972881198186,1.0092716905594399,0.8299792197743421,0.8299792197743421,0.8709945221955862,98.7548198,98.90449736
1972,1.2421639040146686,1.2421639040146686,1.2793953007164327,1.1104838855936952,1.1104838855936952,1.156253799764117,98.7548198,98.90449736
1972,0.9056310626840532,0.9056310626840532,0.9904591249552348,0.8096264093275879,0.8096264093275879,0.8416221742247098,98.7548198,98.90449736
1972,1.1371848737224262,1.1371848737224262,1.2390672099683322,1.016633532119399,1.016633532119399,1.116101815327182,98.7548198,98.90449736
1972,1.0048154871838633,1.0048154871838633,1.0666187181387936,0.8982964348797253,0.8982964348797253,0.9445118263475185,98.7548198,98.90449736
1973,0.9539513311126392,0.9539513311126392,1.0181541968535384,0.8688152696579583,0.8688152696579583,0.9481934685218101,98.7548198,98.90449736
1973,1.14714799734476,1.14714799734476,1.2067081695060364,1.0447699627277869,1.0447699627277869,1.1184169362830807,98.7548198,98.90449736
1973,1.1505158848609327,1.1505158848609327,1.1785665333858126,1.047837280739837,1.047837280739837,1.1354206595549832,98.7548198,98.90449736
1973,0.8542954928051546,0.8542954928051546,0.8942900020803628,0.7780532871455783,0.7780532871455783,0.8249006282910334,98.7548198,98.90449736
1973,0.9815594714973114,0.9815594714973114,1.0642345334629104,0.8939595020215605,0.8939595020215605,0.9530969888151825,98.7548198,98.90449736
1973,0.9397335438917916,0.9397335438917916,0.9588764441611077,0.8558663589165553,0.8558663589165553,0.9067060321197448,98.7548198,98.90449736
1973,0.9926104149614744,0.9926104149614744,1.0389454033568364,0.9040241962178496,0.9040241962178496,0.9362250309511104,98.7548198,98.90449736
1973,1.200125173265951,1.200125173265951,1.262355858522063,1.093019153103152,1.093019153103152,1.178051856099672,98.7548198,98.90449736
1973,1.216837067285774,1.216837067285774,1.2934876397875898,1.108239582317704,1.108239582317704,1.1552974176182829,98.7548198,98.90449736
1973,1.0096042238499414,1.0096042238499414,1.1040915175799335,0.919501380609142,0.919501380609142,0.9396800933976902,98.7548198,98.90449736
1974,1.1525462770667243,1.1525462770667243,1.2075315855187359,0.9277055097201204,0.9277055097201204,0.994164276337305,98.7548198,98.90449736
1974,0.8034407126259803,0.8034407126259803,0.8418100331008496,0.6467040765890487,0.6467040765890487,0.6688012139912293,98.7548198,98.90449736
1974,0.9318895226092097,0.9318895226092097,1.0055088879433691,0.7500948654098745,0.7500948654098745,0.8215314151383729,98.7548198,98.90449736
1974,0.8757332531827681,0.8757332531827681,0.9249297013282669,0.7048936604007143,0.7048936604007143,0.7727849901210646,98.7548198,98.90449736
1974,1.1242318939127074,1.1242318939127074,1.1669171642290213,0.9049147465386544,0.9049147465386544,0.9892429836929139,98.7548198,98.90449736
1974,0.9824745031421256,0.9824745031421256,1.0376848163101147,0.7908116384221519,0.7908116384221519,0.8300459358486126,98.7548198,98.90449736
1974,1.0527469533306513,1.0527469533306513,1.0856648363220698,0.8473752146694715,0.8473752146694715,0.865370523262798,98.7548198,98.90449736
1974,1.0238986581930791,1.0238986581930791,1.0588248232614563,0.8241546959990458,0.8241546959990458,0.9018440381382075,98.7548198,98.90449736
1974,1.0424299579612857,1.0424299579612857,1.1048396368313975,0.839070877014348,0.839070877014348,0.884594442462815,98.7548198,98.90449736
1974,1.100748933437107,1.100748933437107,1.1596544514443925,0.8860128835495181,0.8860128835495181,0.9722506311099423,98.7548198,98.90449736
1975,0.8946431489984311,0.8946431489984311,0.9780128614007896,0.880773152318395,0.880773152318395,0.9662870637533935,98.7548198,98.90449736
1975,1.199522391106033,1.199522391106033,1.2582888066394036,1.1809257343262936,1.1809257343262936,1.2851315144196245,98.7548198,98.90449736
1975,1.088821890638089,1.088821890638089,1.161170912869426,1.0719414662753612,1.0719414662753612,1.1186308537695266,98.7548198,98.90449736
1975,1.0721342508913931,1.0721342508913931,1.14780671180474,1.0555125414231383,1.0555125414231383,1.109140830828633,98.7548198,98.90449736
1975,1.1827148112544754,1.1827148112544754,1.207608068099753,1.1643787288467649,1.1643787288467649,1.2669499382761535,98.7548198,98.90449736
1975,1.116442386666801,1.116442386666801,1.1980353341806933,1.0991337511355774,1.0991337511355774,1.1489835999458753,98.7548198,98.90449736
1975,0.9370067360993548,0.9370067360993548,0.9690925428393354,0.9224799604420226,0.9224799604420226,0.9534378526315188,98.7548198,98.90449736
1975,0.9664608227583776,0.9664608227583776,1.0600969839935601,0.9514774090720932,0.9514774090720932,1.0128896630592905,98.7548198,98.90449736
1975,1.100408512133023,1.100408512133023,1.1355038608601986,1.08334845592284,1.08334845592284,1.186149971368647,98.7548198,98.90449736
1975,0.9180217269870984,0.9180217269870984,0.966832877855992,0.903789283224726,0.903789283224726,0.9721902105724146,98.7548198,98.90449736
1976,1.2270712254005234,1.2270712254005234,1.259991059652277,1.015157945198207,1.015157945198207,1.0817572741873873,98.7548198,98.90449736
1976,1.3511854511391577,1.3511854511391577,1.485966119018699,1.117837838396397,1.117837838396397,1.1488848001034973,98.7548198,98.90449736
1976,1.128423321896614,1.128423321896614,1.1963268732783772,0.9335463802407998,0.9335463802407998,0.9981483294701714,98.7548198,98.90449736
1976,0.9496967594021052,0.9496967594021052,1.0139255123137803,0.785685615373591,0.785685615373591,0.8636290131588358,98.7548198,98.90449736
1976,1.2228314588741431,1.2228314588741431,1.2538499461877084,1.0116503797154976,1.0116503797154976,1.0432206710862957,98.7548198,98.90449736
1976,1.0310405965302327,1.0310405965302327,1.1135205837227944,0.8529814991366333,0.8529814991366333,0.9054111774329812,98.7548198,98.90449736
1976,1.094549019694123,1.094549019694123,1.1348201569800924,0.905522117013798,0.905522117013798,0.9871910170743222,98.7548198,98.90449736
1976,1.1037136120176685,1.1037136120176685,1.2050834637449475,0.9131039985860866,0.9131039985860866,0.9854779815096847,98.7548198,98.90449736
1976,1.1807144426145848,1.1807144426145848,1.2237056383684661,0.9768069062488478,0.9768069062488478,1.0508110275392917,98.7548198,98.90449736
1976,1.259987089637723,1.259987089637723,1.3044079567255709,1.0423892911965222,1.0423892911965222,1.1218180279311856,98.7548198,98.90449736
1977,1.1224006036126113,1.1224006036126113,1.148130485225227,0.9733279330942948,0.9733279330942948,1.0207867140907738,98.7548198,98.90449736
1977,0.7891165117475686,0.7891165117475686,0.8347001076654427,0.6843092750286282,0.6843092750286282,0.714068070297437,98.7548198,98.90449736
1977,1.0244209589941755,1.0244209589941755,1.0912001858073588,0.8883615452691056,0.8883615452691056,0.9636492023154222,98.7548198,98.90449736
1977,1.0856031190493054,1.0856031190493054,1.113021861743244,0.9414177403540264,0.9414177403540264,1.0212585048770593,98.7548198,98.90449736
1977,1.0360095458415917,1.0360095458415917,1.1210060578752086,0.8984109832749071,0.8984109832749071,0.9786981864848856,98.7548198,98.90449736
1977,0.9861559224190244,0.9861559224190244,1.0416401183836599,0.8551787147898693,0.8551787147898693,0.9347609996480053,98.7548198,98.90449736
1977,0.9560970084412574,0.9560970084412574,1.0153283860308668,0.8291121031728848,0.8291121031728848,0.8796111589772274,98.7548198,98.90449736
1977,0.8978416524810456,0.8978416524810456,0.9474572977757149,0.7785939859998157,0.7785939859998157,0.8254040713937612,98.7548198,98.90449736
1977,0.9841694169145851,0.9841694169145851,1.0354063050882827,0.8534560488446686,0.8534560488446686,0.9250299577617807,98.7548198,98.90449736
1977,0.9458026312035565,0.9458026312035565,1.0070634276579429,0.8201849831348037,0.8201849831348037,0.8792359352457553,98.7548198,98.90449736
1978,0.997038628954502,0.997038628954502,1.0293618432904974,1.0120780484553369,1.0120780484553369,1.0891552308016648,98.7548198,98.90449736
1978,0.9866261494884956,0.9866261494884956,1.0207182765482006,1.0015085062214644,1.0015085062214644,1.085298126556209,98.7548198,98.90449736
1978,1.1040066819688892,1.1040066819688892,1.2022001823301576,1.1206596171106955,1.1206596171106955,1.2228642530999294,98.7548198,98.90449736
1978,1.1905129685191305,1.1905129685191305,1.304432246080438,1.208470772193717,1.208470772193717,1.2653167690934404,98.7548198,98.90449736
1978,1.079542565986604,1.079542565986604,1.1333736810826043,1.095826482223536,1.095826482223536,1.1506689115299713,98.7548198,98.90449736
1978,0.9562511455262934,0.9562511455262934,0.9960881607439126,0.970675322993524,0.970675322993524,0.997386905438242,98.7548198,98.90449736
1978,1.0321737586339488,1.0321737586339488,1.1059947881349126,1.047743159560899,1.047743159560899,1.1171691477152093,98.7548198,98.90449736
1978,0.9451331527510818,0.9451331527510818,0.9949404730674669,0.9593896254248392,0.9593896254248392,0.9813360295009178,98.7548198,98.90449736
1978,1.1405022905918762,1.1405022905918762,1.165628592146146,1.1577057287453816,1.1577057287453816,1.223981882751045,98.7548198,98.90449736
1978,0.967753845358254,0.967753845358254,0.9991983043905239,0.9823515305744736,0.9823515305744736,1.0446439841830042,98.7548198,98.90449736
1979,0.9126775744163744,0.9126775744163744,0.9832072696786162,0.9078347834277016,0.9078347834277016,0.9468020483417743,98.7548198,98.90449736
1979,0.8827103935589495,0.8827103935589495,0.9468957223972426,0.8780266124961043,0.8780266124961043,0.9370885308522214,98.7548198,98.90449736
1979,0.7718184275766249,0.7718184275766249,0.7889278510343708,0.767723054324631,0.767723054324631,0.7849507750143934,98.7548198,98.90449736
1979,0.9636559078171308,0.9636559078171308,1.0000414087908835,0.958542618877669,0.958542618877669,0.9805774577075431,98.7548198,98.90449736
1979,0.772468621195894,0.772468621195894,0.8021978359808926,0.7683697979283759,0.7683697979283759,0.8343021080125299,98.7548198,98.90449736
1979,0.9071815296333552,0.9071815296333552,0.974087455177018,0.9023679014036836,0.9023679014036836,0.9464172172873995,98.7548198,98.90449736
1979,1.0378663222703428,1.0378663222703428,1.060260200982077,1.032359262807255,1.032359262807255,1.0635002158372573,98.7548198,98.90449736
1979,0.8268603973112784,0.8268603973112784,0.8502842663345662,0.8224729639029907,0.8224729639029907,0.8732849001391014,98.7548198,98.90449736
1979,0.7921031872149453,0.7921031872149453,0.8586345374175327,0.7879001802772583,0.7879001802772583,0.8521924286267012,98.7548198,98.90449736
1979,0.8825057920776195,0.8825057920776195,0.9127612437917711,0.8778230966579825,0.8778230966579825,0.9105357732056371,98.7548198,98.90449736
1980,0.7171510059436105,0.7171510059436105,0.7689434282922226,0.9305538511790076,0.9305538511790076,0.9955355786934754,98.7548198,98.90449736
1980,0.9218916271478076,0.9218916271478076,0.9578957566169845,1.1962192019563709,1.1962192019563709,1.2283111281126058,98.7548198,98.90449736
1980,0.7783282537035794,0.7783282537035794,0.8000866624234296,1.009935631356065,1.009935631356065,1.0343099609190254,98.7548198,98.90449736
1980,0.8807338845736297,0.8807338845736297,0.9154821613370407,1.1428141372756873,1.1428141372756873,1.2142495868102405,98.7548198,98.90449736
1980,0.8000064602792136,0.8000064602792136,0.8622320464072438,1.038064628524615,1.038064628524615,1.1037230568296317,98.7548198,98.90449736
1980,0.7420763478004021,0.7420763478004021,0.8077172435466515,0.962896234672247,0.962896234672247,1.031256467527302,98.7548198,98.90449736
1980,0.7199575770430827,0.7199575770430827,0.7821745751524793,0.9341955745030726,0.9341955745030726,1.0071443908450335,98.7548198,98.90449736
1980,0.9460319723150192,0.9460319723150192,0.9950124771929987,1.2275429970538645,1.2275429970538645,1.3479258878993168,98.7548198,98.90449736
1980,0.628677764430988,0.628677764430988,0.6748521413283123,0.8157535999996417,0.8157535999996417,0.8657625814242561,98.7548198,98.90449736
1980,0.8595825718364998,0.8595825718364998,0.8908702975003998,1.115368821907092,1.115368821907092,1.1664934448053739,98.7548198,98.90449736
1981,0.9785876570771024,0.9785876570771024,1.0211090702613321,0.9860011907114824,0.9860011907114824,1.0684455773160542,98.7548198,98.90449736
1981,1.0292864134277109,1.0292864134277109,1.123679044086057,1.0370840280718077,1.0370840280718077,1.080295772798894,98.7548198,98.90449736
1981,1.0014899465408755,1.0014899465408755,1.0225614491262287,1.0090769821523304,1.0090769821523304,1.0646949983119183,98.7548198,98.90449736
1981,1.1972130514761632,1.1972130514761632,1.2293470668378084,1.206282836038077,1.206282836038077,1.2379797396541052,98.7548198,98.90449736
1981,1.0939308820010356,1.0939308820010356,1.1340025551968793,1.1022182268584444,1.1022182268584444,1.1264979555121677,98.7548198,98.90449736
1981,1.2069815319416184,1.2069815319416184,1.2336830729866435,1.216125320051363,1.216125320051363,1.3341039153641607,98.7548198,98.90449736
1981,1.1912335515418513,1.1912335515418513,1.232348780790093,1.2002580369181897,1.2002580369181897,1.3045345463244424,98.7548198,98.90449736
1981,1.1619016242218303,1.1619016242218303,1.2393346116406283,1.1707038983039884,1.1707038983039884,1.2593003535655016,98.7548198,98.90449736
1981,1.1435950973243818,1.1435950973243818,1.2050221232668463,1.152258685769232,1.152258685769232,1.2130014260663964,98.7548198,98.90449736
1981,1.1027918373500851,1.1027918373500851,1.2036021602098086,1.1111463105736017,1.1111463105736017,1.1487736643362803,98.7548198,98.90449736
1982,0.949344377027724,0.949344377027724,1.030414100478191,0.8820301936209242,0.8820301936209242,0.9107093730962758,98.7548198,98.90449736
1982,1.00110267114371,1.00110267114371,1.0485002656728253,0.9301185157148976,0.9301185157148976,0.9673413302699194,98.7548198,98.90449736
1982,1.1756722111043088,1.1756722111043088,1.2235854090539502,1.0923100332059903,1.0923100332059903,1.1621502975791307,98.7548198,98.90449736
1982,1.1010646571871685,1.1010646571871685,1.156531221629733,1.0229926002285608,1.0229926002285608,1.1019345595191852,98.7548198,98.90449736
1982,1.2028483370607728,1.2028483370607728,1.2837081270003339,1.1175592096052798,1.1175592096052798,1.198935166478037,98.7548198,98.90449736
1982,1.2011483584895235,1.2011483584895235,1.2509300618309238,1.1159797696626903,1.1159797696626903,1.1632914103227052,98.7548198,98.90449736
1982,1.0661480565323973,1.0661480565323973,1.140705829270259,0.9905517949935466,0.9905517949935466,1.086030312312453,98.7548198,98.90449736
1982,1.1381272783529663,1.1381272783529663,1.1981668294747783,1.0574272603097812,1.0574272603097812,1.140997590716988,98.7548198,98.90449736
1982,1.234702368107934,1.234702368107934,1.3139255323905128,1.1471545996997576,1.1471545996997576,1.2209720757898053,98.7548198,98.90449736
1982,0.996955824827278,0.996955824827278,1.051678852010476,0.9262657055567436,0.9262657055567436,0.9901202955570354,98.7548198,98.90449736
1983,0.8714522637860252,0.8714522637860252,0.9094103372825678,1.0518624765671072,1.0518624765671072,1.1082086509650901,98.7548198,98.90449736
1983,0.9406027058399732,0.9406027058399732,1.0307841797080908,1.1353286149400468,1.1353286149400468,1.180535673733894,98.7548198,98.90449736
1983,1.0061699107666404,1.0061699107666404,1.0877586828836225,1.214469705533027,1.214469705533027,1.2733445423812395,98.7548198,98.90449736
1983,0.9813190155480798,0.9813190155480798,1.0119450537557173,1.184474116244015,1.184474116244015,1.2799755267241952,98.7548198,98.90449736
1983,0.984079679010006,0.984079679010006,1.0721326075463733,1.187806299114726,1.187806299114726,1.2129301592138733,98.7548198,98.90449736
1983,1.049356925332923,1.049356925332923,1.1112632081200975,1.266597403153402,1.266597403153402,1.3036907356199277,98.7548198,98.90449736
1983,1.1333264414491826,1.1333264414491826,1.237098545637872,1.3679504971191752,1.3679504971191752,1.4003438540233548,98.7548198,98.90449736
1983,1.0478574961129268,1.0478574961129268,1.1358653920951627,1.2647875583709354,1.2647875583709354,1.2942043721335847,98.7548198,98.90449736
1983,0.8797723471766218,0.8797723471766218,0.9272950807504019,1.0619050042925575,1.0619050042925575,1.1558165343893145,98.7548198,98.90449736
1983,1.069461174908915,1.069461174908915,1.092772802637127,1.2908636844258303,1.2908636844258303,1.3893470682691063,98.7548198,98.90449736
1984,1.3996283524440654,1.3996283524440654,1.4577047954813447,0.9858497636907938,0.9858497636907938,1.0429638915529376,98.7548198,98.90449736
1984,1.2371418643469083,1.2371418643469083,1.3154909706034161,0.8713999059026131,0.8713999059026131,0.8956481182914927,98.7548198,98.90449736
1984,1.357404483388063,1.357404483388063,1.4533434671134804,0.9561087318959736,0.9561087318959736,1.0128339650089238,98.7548198,98.90449736
1984,1.1926483399069503,1.1926483399069503,1.2411068522982378,0.8400602074188641,0.8400602074188641,0.8886809950847533,98.7548198,98.90449736
1984,1.2445730337119216,1.2445730337119216,1.28333959933616,0.8766341643753366,0.8766341643753366,0.9063136217825882,98.7548198,98.90449736
1984,1.2917564961653731,1.2917564961653731,1.4038737506671117,0.9098685620842868,0.9098685620842868,0.9596457714259766,98.7548198,98.90449736
1984,1.2512678874076255,1.2512678874076255,1.3748333121164495,0.881349787577974,0.881349787577974,0.9270745483703289,98.7548198,98.90449736
1984,1.1966256520316454,1.1966256520316454,1.2708825136454451,0.8428616884058762,0.8428616884058762,0.901245038449931,98.7548198,98.90449736
1984,1.3958266620953346,1.3958266620953346,1.442913957298565,0.983171984603669,0.983171984603669,1.0527879271063607,98.7548198,98.90449736
1984,1.2784809208951708,1.2784809208951708,1.331901717039073,0.9005177063945358,0.9005177063945358,0.9217918255600583,98.7548198,98.90449736
1985,0.9498007741611648,0.9498007741611648,0.9701941879501587,1.1435845866677046,1.1435845866677046,1.2007283753657083,98.7548198,98.90449736
1985,0.8142975489464392,0.8142975489464392,0.8901444021003175,0.980435214699485,0.980435214699485,1.0491331270602817,98.7548198,98.90449736
1985,0.91934271791562,0.91934271791562,0.9463898603204708,1.1069123027426624,1.1069123027426624,1.1736047659637727,98.7548198,98.90449736
1985,0.8500346296474288,0.8500346296474288,0.9062400397403294,1.0234635799882428,1.0234635799882428,1.1140597443149007,98.7548198,98.90449736
1985,0.9912894607305148,0.9912894607305148,1.0328486940991572,1.1935380335089103,1.1935380335089103,1.280302866320474,98.7548198,98.90449736
1985,1.0353727181510852,1.0353727181510852,1.101982635298452,1.2466154104575575,1.2466154104575575,1.2877970440822113,98.7548198,98.90449736
1985,0.913189262533074,0.913189262533074,0.9790426561067793,1.099503384028691,1.099503384028691,1.1277006978351398,98.7548198,98.90449736
1985,0.8489350826322006,0.8489350826322006,0.9222655384203298,1.022139697071805,1.022139697071805,1.0951138707267525,98.7548198,98.90449736
1985,0.8670088339979273,0.8670088339979273,0.8986665359692083,1.0439009590621031,1.0439009590621031,1.0669929928433766,98.7548198,98.90449736
1985,0.9446353523590364,0.9446353523590364,0.9643590232845598,1.137365285823516,1.137365285823516,1.2134118564538687,98.7548198,98.90449736
1986,1.074100026280632,1.074100026280632,1.1073443355145924,0.9984275030176408,0.9984275030176408,1.0934961916546013,98.7548198,98.90449736
1986,0.8369214003582653,0.8369214003582653,0.9139194173321554,0.7779585918783043,0.7779585918783043,0.8293333702024819,98.7548198,98.90449736
1986,0.8819690824386504,0.8819690824386504,0.9612679864762277,0.819832573477575,0.819832573477575,0.861687972911006,98.7548198,98.90449736
1986,1.0831978503524458,1.0831978503524458,1.1566311344029558,1.0068843669489909,1.0068843669489909,1.0788394023353365,98.7548198,98.90449736
1986,1.149455648571676,1.149455648571676,1.2276661613261488,1.0684741690278046,1.0684741690278046,1.1290141625181618,98.7548198,98.90449736
1986,1.0727927331573026,1.0727927331573026,1.1513243087593545,0.9972123113437726,0.9972123113437726,1.060684219937185,98.7548198,98.90449736
1986,0.9093466388058956,0.9093466388058956,0.9402914342027595,0.8452813255245578,0.8452813255245578,0.9258511617548367,98.7548198,98.90449736
1986,0.8645401662386019,0.8645401662386019,0.9450746380226163,0.8036315597394266,0.8036315597394266,0.8445269321370427,98.7548198,98.90449736
1986,1.071358719937611,1.071358719937611,1.128678170616041,0.995879327261099,0.995879327261099,1.0923752987719753,98.7548198,98.90449736
1986,0.9779630646344016,0.9779630646344016,1.0274979522684011,0.9090635851183686,0.9090635851183686,0.9930865608499998,98.7548198,98.90449736
1987,1.0895475674109156,1.0895475674109156,1.1565693606373235,1.017553487667855,1.017553487667855,1.0538427935859558,98.7548198,98.90449736
1987,1.0959290506733057,1.0959290506733057,1.1219653410773112,1.0235133013963822,1.0235133013963822,1.049662944548141,98.7548198,98.90449736
1987,0.9979957977590076,0.9979957977590076,1.03123172197465,0.9320511880914945,0.9320511880914945,0.9582066323267098,98.7548198,98.90449736
1987,0.8357272771855891,0.8357272771855891,0.9017854087074965,0.7805048912734938,0.7805048912734938,0.797252767022881,98.7548198,98.90449736
1987,0.9430017130180433,0.9430017130180433,0.9681080901335247,0.880690949765924,0.880690949765924,0.90495877362579,98.7548198,98.90449736
1987,0.925561418290578,0.925561418290578,0.9887329924070029,0.8644030581155776,0.8644030581155776,0.9289225707702695,98.7548198,98.90449736
1987,0.9102349308841624,0.9102349308841624,0.9463056558933071,0.8500892996523696,0.8500892996523696,0.8719324223104374,98.7548198,98.90449736
1987,0.9175607209741696,0.9175607209741696,0.964488124537048,0.8569310232071505,0.8569310232071505,0.8959368527309558,98.7548198,98.90449736
1987,1.0401177838224518,1.0401177838224518,1.08494217867437,0.971389877937047,0.971389877937047,1.0564739415113595,98.7548198,98.90449736
1987,0.9434748807954622,0.9434748807954622,0.9891898403128887,0.8811328520165149,0.8811328520165149,0.9003959624253934,98.7548198,98.90449736
1988,1.26082687145833,1.26082687145833,1.3585708008129667,1.020818610489892,1.020818610489892,1.1077489494744297,98.7548198,98.90449736
1988,1.1177577581828286,1.1177577581828286,1.166681721567477,0.9049838224440178,0.9049838224440178,0.9434894198087804,98.7548198,98.90449736
1988,1.3432801479896137,1.3432801479896137,1.4310129596726076,1.0875762606355055,1.0875762606355055,1.1196088467572876,98.7548198,98.90449736
1988,1.0273878486177113,1.0273878486177113,1.0870626774739798,0.8318165323103152,0.8318165323103152,0.8948174623825156,98.7548198,98.90449736
1988,0.948500999607002,0.948500999607002,1.0178304406996872,0.7679464122993938,0.7679464122993938,0.8219448927634599,98.7548198,98.90449736
1988,1.098587459473274,1.098587459473274,1.2028943609254434,0.8894627401016585,0.8894627401016585,0.969690287824835,98.7548198,98.90449736
1988,1.306624158878044,1.306624158878044,1.4093323540823945,1.0578980258849056,1.0578980258849056,1.1412664028926267,98.7548198,98.90449736
1988,1.404851472510995,1.404851472510995,1.4571052465504388,1.1374270017378427,1.1374270017378427,1.2332876142206934,98.7548198,98.90449736
1988,1.192350216826584,1.192350216826584,1.2191717185912483,0.9653770228979944,0.9653770228979944,1.00646613903781,98.7548198,98.90449736
1988,1.0454036299042169,1.0454036299042169,1.088245445214653,0.8464028686552162,0.8464028686552162,0.875345753137763,98.7548198,98.90449736
1989,1.1420755354239496,1.1420755354239496,1.2192869618383062,0.9557643641094248,0.9557643641094248,1.0322725178550678,98.7548198,98.90449736
1989,1.1755029932872252,1.1755029932872252,1.203849148967607,0.983738672303172,0.983738672303172,1.0669106085632238,98.7548198,98.90449736
1989,1.1614710725192006,1.1614710725192006,1.2308216969695167,0.9719958326974651,0.9719958326974651,1.0684570989746198,98.7548198,98.90449736
1989,1.212452905877685,1.212452905877685,1.2945934717169667,1.0146608036469715,1.0146608036469715,1.0684473784122226,98.7548198,98.90449736
1989,1.1699386176995958,1.1699386176995958,1.224620976901342,0.9790820346901418,0.9790820346901418,1.027802573334307,98.7548198,98.90449736
1989,1.258126754749242,1.258126754749242,1.3608817113718523,1.0528837020185309,1.0528837020185309,1.1393391802509978,98.7548198,98.90449736
1989,1.4760356848505911,1.4760356848505911,1.5181438245930576,1.2352443108855875,1.2352443108855875,1.2936272478414759,98.7548198,98.90449736
1989,1.191327977906634,1.191327977906634,1.2223156367911436,0.9969820663630896,0.9969820663630896,1.0911575766313775,98.7548198,98.90449736
1989,1.0698403254294282,1.0698403254294282,1.15356078761089,0.8953131615354233,0.8953131615354233,0.974703283546523,98.7548198,98.90449736
1989,1.326566542620804,1.326566542620804,1.405682049652283,1.1101586442670446,1.1101586442670446,1.1704619313787303,98.7548198,98.90449736
1990,0.9954482144933628,0.9954482144933628,1.0701786936933855,0.9856633775270316,0.9856633775270316,1.0645851340989079,98.7548198,98.90449736
1990,1.009370387978539,1.009370387978539,1.064669942895721,0.9994487019066632,0.9994487019066632,1.0797678276277451,98.7548198,98.90449736
1990,0.9722315943972748,0.9722315943972748,1.0108410136163233,0.9626749670346596,0.9626749670346596,0.9898704477379223,98.7548198,98.90449736
1990,1.12352134731627,1.12352134731627,1.2196140894260512,1.112477605360012,1.112477605360012,1.2150527491739007,98.7548198,98.90449736
1990,1.0833858260613134,1.0833858260613134,1.1743396091748066,1.0727365993860318,1.0727365993860318,1.1375515483218674,98.7548198,98.90449736
1990,1.1172022891651203,1.1172022891651203,1.2016356539495026,1.1062206608908096,1.1062206608908096,1.2014846200570937,98.7548198,98.90449736
1990,0.9297716739614598,0.9297716739614598,0.9686097346249108,0.9206324097454344,0.9206324097454344,0.9626169007751332,98.7548198,98.90449736
1990,0.7379966354156793,0.7379966354156793,0.787603627825476,0.7307424391108333,0.7307424391108333,0.7977090341547877,98.7548198,98.90449736
1990,0.9264194751260546,0.9264194751260546,0.9717009244795667,0.9173131616136476,0.9173131616136476,0.9642210106399186,98.7548198,98.90449736
1990,0.9116400367271542,0.9116400367271542,0.9365520282369807,0.9026789988735724,0.9026789988735724,0.9215152124821139,98.7548198,98.90449736
1991,1.0738966749809955,1.0738966749809955,1.1741826083689222,0.920316680217437,0.920316680217437,1.005382064611136,98.7548198,98.90449736
1991,0.995466652454173,0.995466652454173,1.0262718562643973,0.8531030835624873,0.8531030835624873,0.876395300870091,98.7548198,98.90449736
1991,1.1549483278641104,1.1549483278641104,1.265845297850941,0.989776982912614,0.989776982912614,1.0348564656762338,98.7548198,98.90449736
1991,0.941052125842296,0.941052125842296,0.9934503428215435,0.8064704813263995,0.8064704813263995,0.883895645501517,98.7548198,98.90449736
1991,1.0039757508092937,1.0039757508092937,1.0389247835239017,0.8603952796668908,0.8603952796668908,0.9430350174236434,98.7548198,98.90449736
1991,0.9103341935649624,0.9103341935649624,0.9680057543901631,0.7801455786469867,0.7801455786469867,0.8315376928637703,98.7548198,98.90449736
1991,1.14768454717616,1.14768454717616,1.2507875538282538,0.9835520092402816,0.9835520092402816,1.052938630188478,98.7548198,98.90449736
1991,0.9832841817506638,0.9832841817506638,1.0605486772489328,0.8426628510374186,0.8426628510374186,0.889747178624984,98.7548198,98.90449736
1991,0.9398689416081536,0.9398689416081536,1.0193112622309406,0.8054565065075737,0.8054565065075737,0.8404591185451104,98.7548198,98.90449736
1991,1.041056239987579,1.041056239987579,1.116743807564468,0.8921728179500796,0.8921728179500796,0.933474320197318,98.7548198,98.90449736
1992,0.8629073476262341,0.8629073476262341,0.927955137307711,1.0319118732993162,1.0319118732993162,1.1080684931524083,98.7548198,98.90449736
1992,1.0468853195006584,1.0468853195006584,1.138943862771274,1.2519228097283552,1.2519228097283552,1.352314452711856,98.7548198,98.90449736
1992,0.8587729409244015,0.8587729409244015,0.893101050160709,1.0269677232971108,1.0269677232971108,1.11254116803064,98.7548198,98.90449736
1992,0.9373928615076876,0.9373928615076876,0.9928433961108605,1.1209857308513622,1.1209857308513622,1.2142174991399133,98.7548198,98.90449736
1992,0.9653681415972356,0.9653681415972356,1.0017593882494324,1.154440103169191,1.154440103169191,1.1859522638736302,98.7548198,98.90449736
1992,0.8977815147854928,0.8977815147854928,0.9866739515071548,1.0736163126717015,1.0736163126717015,1.13755405528072,98.7548198,98.90449736
1992,1.0047766676706145,1.0047766676706145,1.1007577048171178,1.201566977307201,1.201566977307201,1.231131173276605,98.7548198,98.90449736
1992,0.8440155552272525,0.8440155552272525,0.8635580136988399,1.0093200331231458,1.0093200331231458,1.0738784745623382,98.7548198,98.90449736
1992,0.8447008273037071,0.8447008273037071,0.9092748384056979,1.0101395190089473,1.0101395190089473,1.066022902051933,98.7548198,98.90449736
1992,1.0181647248798682,1.0181647248798682,1.1138924352612323,1.2175771494683767,1.2175771494683767,1.3283965587308648,98.7548198,98.90449736
1993,0.8289174348283826,0.8289174348283826,0.8574703476750464,1.058667630712984,1.058667630712984,1.1095611725208538,98.7548198,98.90449736
1993,0.73032365699879,0.73032365699879,0.7781128371589432,0.9327467165274748,0.9327467165274748,0.9601371608729455,98.7548198,98.90449736
1993,1.074917142729294,1.074917142729294,1.1751414107875156,1.3728508255368004,1.3728508255368004,1.4160123419476272,98.7548198,98.90449736
1993,0.9850958259869064,0.9850958259869064,1.0074729458517573,1.2581338264874662,1.2581338264874662,1.359943085816703,98.7548198,98.90449736
1993,0.8141399403693366,0.8141399403693366,0.87584655475982,1.0397942732596308,1.0397942732596308,1.112015726873776,98.7548198,98.90449736
1993,0.8924765977397899,0.8924765977397899,0.9315562921298784,1.1398434216691136,1.1398434216691136,1.1718614114753068,98.7548198,98.90449736
1993,0.8835277414324922,0.8835277414324922,0.9665366708763273,1.1284142200304736,1.1284142200304736,1.1585750897128038,98.7548198,98.90449736
1993,0.8233482946762078,0.8233482946762078,0.9037767925847862,1.0515548976924365,1.0515548976924365,1.1315545975116492,98.7548198,98.90449736
1993,0.8135697449726293,0.8135697449726293,0.8912992716108193,1.0390660373891905,1.0390660373891905,1.0658958036322836,98.7548198,98.90449736
1993,0.8843839249626354,0.8843839249626354,0.935622597877937,1.1295077110721958,1.1295077110721958,1.2263616472448966,98.7548198,98.90449736
1994,0.997118338685186,0.997118338685186,1.0858253883413087,0.8853971528027174,0.8853971528027174,0.9531294844278447,98.7548198,98.90449736
1994,0.9637509390877655,0.9637509390877655,1.0481407799450555,0.8557683720915502,0.8557683720915502,0.8784529966199053,98.7548198,98.90449736
1994,0.9403492964407608,0.9403492964407608,0.9831615548102328,0.834988744471938,0.834988744471938,0.857355602270806,98.7548198,98.90449736
1994,0.8831192414339359,0.8831192414339359,0.9593441226421986,0.7841709771198686,0.7841709771198686,0.8617499264493381,98.7548198,98.90449736
1994,1.1976847578156091,1.1976847578156091,1.2251843313736455,1.0634912962522038,1.0634912962522038,1.1166038208754896,98.7548198,98.90449736
1994,1.066014297383719,1.066014297383719,1.1381851605762832,0.9465737286459924,0.9465737286459924,0.9935724127503094,98.7548198,98.90449736
1994,0.9753758428085167,0.9753758428085167,1.0128309647465192,0.8660907744149604,0.8660907744149604,0.9397292464352752,98.7548198,98.90449736
1994,0.943543483352384,0.943543483352384,0.9715151609700912,0.8378250417170574,0.8378250417170574,0.918071828860443,98.7548198,98.90449736
1994,0.97830141160855,0.97830141160855,1.0038901139032532,0.86868855061201,0.86868855061201,0.9545845484269855,98.7548198,98.90449736
1994,0.9568815133855558,0.9568815133855558,1.029320412262519,0.8496686247274146,0.8496686247274146,0.917871741747451,98.7548198,98.90449736
1995,1.14453515838041,1.14453515838041,1.1985457691868837,1.3075941243620757,1.3075941243620757,1.373105592711328,98.7548198,98.90449736
1995,1.0862125471147843,1.0862125471147843,1.1709168589343932,1.240962441403291,1.240962441403291,1.2740713904916212,98.7548198,98.90449736
1995,0.9161091845532516,0.9161091845532516,0.9392212517702929,1.046624892407034,1.046624892407034,1.1326278948365358,98.7548198,98.90449736
1995,1.058355539571085,1.058355539571085,1.106217792411808,1.209136717990831,1.209136717990831,1.2873344188976623,98.7548198,98.90449736
1995,1.0744959832790897,1.0744959832790897,1.1423604010783792,1.2275766489991964,1.2275766489991964,1.2937893845826292,98.7548198,98.90449736
1995,1.1010033529753576,1.1010033529753576,1.1926705284959036,1.257860455148219,1.257860455148219,1.3742230514000515,98.7548198,98.90449736
1995,0.961756933629601,0.961756933629601,1.0055170666867297,1.098775958318414,1.098775958318414,1.1305259670994654,98.7548198,98.90449736
1995,1.0269527038748862,1.0269527038748862,1.098912625261501,1.1732600014531207,1.1732600014531207,1.242963387928274,98.7548198,98.90449736
1995,0.9473747473081956,0.9473747473081956,1.033470477882835,1.0823447790823284,1.0823447790823284,1.1049747593149808,98.7548198,98.90449736
1995,0.9788965386610072,0.9788965386610072,1.0467037768902587,1.11835739858161,1.11835739858161,1.1826549542650933,98.7548198,98.90449736
1996,0.951017864598658,0.951017864598658,0.9877621116680891,1.016471603739626,1.016471603739626,1.0413794902886675,98.7548198,98.90449736
1996,1.0756709655184986,1.0756709655184986,1.0992841618093747,1.1497039457593834,1.1497039457593834,1.183626458847396,98.7548198,98.90449736
1996,1.2589818899287732,1.2589818899287732,1.371796625702444,1.3456312319381123,1.3456312319381123,1.3851956156357337,98.7548198,98.90449736
1996,1.239821635797274,1.239821635797274,1.266727690573457,1.3251522746334323,1.3251522746334323,1.420479520811266,98.7548198,98.90449736
1996,1.1847835665260928,1.1847835665260928,1.2913858112493448,1.2663262140289668,1.2663262140289668,1.3672316333060166,98.7548198,98.90449736
1996,1.3143287784780031,1.3143287784780031,1.3962311378281747,1.404787366286205,1.404787366286205,1.4984438392994872,98.7548198,98.90449736
1996,1.1008871715363553,1.1008871715363553,1.2056095215668439,1.1766556554226046,1.1766556554226046,1.290760430183453,98.7548198,98.90449736
1996,1.1734992552824457,1.1734992552824457,1.2719589629730947,1.254265260839862,1.254265260839862,1.3169655376732583,98.7548198,98.90449736
1996,1.2381301495481685,1.2381301495481685,1.3617385373002406,1.3233443719595357,1.3233443719595357,1.3800588979092798,98.7548198,98.90449736
1996,0.9856886541171904,0.9856886541171904,1.0330578397879817,1.053528607962879,1.053528607962879,1.1478067025540737,98.7548198,98.90449736
1997,1.1502413925071115,1.1502413925071115,1.243842358419277,1.1475299916387376,1.1475299916387376,1.191007225928047,98.7548198,98.90449736
1997,1.0068845655115104,1.0068845655115104,1.0593980994869474,1.0045110918188886,1.0045110918188886,1.1020067316359106,98.7548198,98.90449736
1997,1.1298770947845431,1.1298770947845431,1.195850674418387,1.1272136975568734,1.1272136975568734,1.1508540267365683,98.7548198,98.90449736
1997,1.025812866619573,1.025812866619573,1.0978253781954428,1.0233947742822078,1.0233947742822078,1.1232681836030167,98.7548198,98.90449736
1997,1.02523871769509,1.02523871769509,1.1174017003872276,1.0228219787674548,1.0228219787674548,1.0468100108663814,98.7548198,98.90449736
1997,1.0710293087417269,1.0710293087417269,1.176768473937416,1.0685046301684349,1.0685046301684349,1.1660499662221322,98.7548198,98.90449736
1997,1.1307601559180869,1.1307601559180869,1.2228739962563817,1.1280946770989002,1.1280946770989002,1.1982803156216335,98.7548198,98.90449736
1997,1.214980769718284,1.214980769718284,1.2798866736374814,1.212116762271211,1.212116762271211,1.3326462394143488,98.7548198,98.90449736
1997,1.3628791052543276,1.3628791052543276,1.4360773796998958,1.3596664651828196,1.3596664651828196,1.3948868916317891,98.7548198,98.90449736
1997,1.223782960164992,1.223782960164992,1.3204698715605931,1.2208982037977565,1.2208982037977565,1.2994121439530126,98.7548198,98.90449736
1998,0.88543151469492,0.88543151469492,0.9200538097769909,0.9039873002395912,0.9039873002395912,0.992166020827559,98.7548198,98.90449736
1998,1.1754529412775987,1.1754529412775987,1.2093505698003773,1.2000866394622802,1.2000866394622802,1.2743093909651355,98.7548198,98.90449736
1998,1.3011110245303767,1.3011110245303767,1.3640454689289174,1.328378110397895,1.328378110397895,1.4218320224949033,98.7548198,98.90449736
1998,0.8499078753750797,0.8499078753750797,0.8864361673723095,0.8677192001432308,0.8677192001432308,0.9333707438186102,98.7548198,98.90449736
1998,0.9249882184431572,0.9249882184431572,0.9654145044480864,0.9443729847722536,0.9443729847722536,0.9976009486306028,98.7548198,98.90449736
1998,1.1481763586477094,1.1481763586477094,1.192597717576853,1.1722384277348583,1.1722384277348583,1.2545350120583596,98.7548198,98.90449736
1998,0.8858191151200454,0.8858191151200454,0.9065184535821472,0.9043830235180896,0.9043830235180896,0.9647461995166039,98.7548198,98.90449736
1998,0.9916747694872324,0.9916747694872324,1.0129262752855042,1.0124570705994833,1.0124570705994833,1.1056969159673904,98.7548198,98.90449736
1998,0.925168712420821,0.925168712420821,1.0167768747925414,0.9445572613208852,0.9445572613208852,0.9668825432314849,98.7548198,98.90449736
1998,1.0197354017435316,1.0197354017435316,1.0750273424492205,1.041105763101837,1.041105763101837,1.0853288700361894,98.7548198,98.90449736
1999,0.9616583531136528,0.9616583531136528,1.0104587946211476,0.8905277447005584,0.8905277447005584,0.9760477232307464,98.7548198,98.90449736
1999,1.001377959448177,1.001377959448177,1.0758522233641556,0.927309426401708,0.927309426401708,1.0118996148326302,98.7548198,98.90449736
1999,1.0251340764700088,1.0251340764700088,1.0635359178212123,0.9493083839793104,0.9493083839793104,1.0028992537097978,98.7548198,98.90449736
1999,0.9846665306182552,0.9846665306182552,1.0791914598884027,0.911834085311549,0.911834085311549,0.9753074102248391,98.7548198,98.90449736
1999,0.9073034348390558,0.9073034348390558,0.9825257861396607,0.8401932754706745,0.8401932754706745,0.8756414453547158,98.7548198,98.90449736
1999,0.8940270553555442,0.8940270553555442,0.9183024648717444,0.8278989047713923,0.8278989047713923,0.8569165070347903,98.7548198,98.90449736
1999,1.0026350378800837,1.0026350378800837,1.0561822279934547,0.92847352300343,0.92847352300343,0.9814855287951544,98.7548198,98.90449736
1999,0.9861458796047722,0.9861458796047722,1.0752239089318716,0.9132040118684416,0.9132040118684416,0.9572827058846939,98.7548198,98.90449736
1999,1.2535795392940898,1.2535795392940898,1.3733948687408069,1.1608565103353252,1.1608565103353252,1.2382769203211588,98.7548198,98.90449736
1999,0.897007816011795,0.897007816011795,0.9484889970365796,0.8306591886665082,0.8306591886665082,0.852438051677648,98.7548198,98.90449736
2000,0.8618251508692739,0.8618251508692739,0.9213539229307753,1.0635342911317225,1.0635342911317225,1.1677091602386505,98.7548198,98.90449736
2000,0.848710865133908,0.848710865133908,0.8770261644281492,1.0473506225892193,1.0473506225892193,1.150930310019795,98.7548198,98.90449736
2000,0.8857403939046148,0.8857403939046148,0.973688648929944,1.093046868042688,1.093046868042688,1.1759576833952696,98.7548198,98.90449736
2000,0.8787537079802414,0.8787537079802414,0.9126153714698296,1.0844249566788302,1.0844249566788302,1.152621958120279,98.7548198,98.90449736
2000,0.916429758025132,0.916429758025132,1.0038741493178953,1.1309190409332988,1.1309190409332988,1.1815414757481972,98.7548198,98.90449736
2000,0.8799190302532447,0.8799190302532447,0.9432483268094004,1.0858630212285925,1.0858630212285925,1.178273875153946,98.7548198,98.90449736
2000,1.006310326051073,1.006310326051073,1.075362277548717,1.2418360478291506,1.2418360478291506,1.334698677037712,98.7548198,98.90449736
2000,0.8034259953530525,0.8034259953530525,0.8524470974416747,0.9914668834887806,0.9914668834887806,1.0241945659629375,98.7548198,98.90449736
2000,0.9297211796105476,0.9297211796105476,0.9654722919588208,1.1473213037585597,1.1473213037585597,1.253877823029138,98.7548198,98.90449736
2000,0.7306584471783504,0.7306584471783504,0.7555901519418049,0.9016681781628622,0.9016681781628622,0.9790339943099304,98.7548198,98.90449736
2001,0.8834128568091834,0.8834128568091834,0.9166635420927038,0.9779678068775132,0.9779678068775132,1.0718370620690278,98.7548198,98.90449736
2001,0.744274646515422,0.744274646515422,0.7702610411780795,0.8239371185928354,0.8239371185928354,0.8882516402165413,98.7548198,98.90449736
2001,1.0179701967151995,1.0179701967151995,1.1018171014425326,1.1269273172501166,1.1269273172501166,1.204767810884429,98.7548198,98.90449736
2001,0.9943317318538086,0.9943317318538086,1.0420696189159264,1.100758739941943,1.100758739941943,1.1596046889501221,98.7548198,98.90449736
2001,0.8314446786181978,0.8314446786181978,0.8519210110406154,0.9204372820938608,0.9204372820938608,1.0075274733477297,98.7548198,98.90449736
2001,0.8263069015979722,0.8263069015979722,0.9068951349612996,0.9147495897697484,0.9147495897697484,0.9964231085759347,98.7548198,98.90449736
2001,0.8952108596228056,0.8952108596228056,0.9764090545593105,0.9910285936299806,0.9910285936299806,1.0144342051058728,98.7548198,98.90449736
2001,0.8167246007562896,0.8167246007562896,0.8936765418188831,0.9041416597778432,0.9041416597778432,0.9241316513802214,98.7548198,98.90449736
2001,0.8992737567438585,0.8992737567438585,0.9888347915015446,0.995526357678148,0.995526357678148,1.0454192211858995,98.7548198,98.90449736
2001,0.8834864037207839,0.8834864037207839,0.913446858863764,0.978049225787467,0.978049225787467,1.0610310949136663,98.7548198,98.90449736
2002,1.0161560958752334,1.0161560958752334,1.0686907172287259,1.3619241300459508,1.3619241300459508,1.4967302273294611,98.7548198,98.90449736
2002,0.7790425761415342,0.7790425761415342,0.8418794320997366,1.044127853079954,1.044127853079954,1.0775747673875442,98.7548198,98.90449736
2002,0.8781627062300807,0.8781627062300807,0.9446235083180466,1.17697564830438,1.17697564830438,1.2564573519807978,98.7548198,98.90449736
2002,0.7952742004105181,0.7952742004105181,0.8209708399275989,1.0658826217139286,1.0658826217139286,1.1196790697364263,98.7548198,98.90449736
2002,0.8592331444151785,0.8592331444151785,0.9324970762077822,1.1516049133242323,1.1516049133242323,1.263993666472894,98.7548198,98.90449736
2002,0.7248848148644969,0.7248848148644969,0.7523979961508989,0.971541798425688,0.971541798425688,1.0564249330399273,98.7548198,98.90449736
2002,1.0939493076679847,1.0939493076679847,1.1354159038036733,1.4661880839053898,1.4661880839053898,1.5938436501629625,98.7548198,98.90449736
2002,0.8097283198165072,0.8097283198165072,0.8607071579915511,1.0852550528566327,1.0852550528566327,1.1476522835063119,98.7548198,98.90449736
2002,0.8867350570933195,0.8867350570933195,0.9465322083931673,1.1884649180526554,1.1884649180526554,1.2516740904818986,98.7548198,98.90449736
2002,0.8852332024859256,0.8852332024859256,0.9440187922542188,1.1864520264920644,1.1864520264920644,1.2361318169858615,98.7548198,98.90449736
2003,1.1355762273245806,1.1355762273245806,1.1665989740840323,0.9539826156247896,0.9539826156247896,0.9773647674374611,98.7548198,98.90449736
2003,1.160462241956781,1.160462241956781,1.2651323027861072,0.9748890283869136,0.9748890283869136,1.0618274775315888,98.7548198,98.90449736
2003,1.290240401772637,1.290240401772637,1.3434602422609283,1.083913949279974,1.083913949279974,1.1760814077199624,98.7548198,98.90449736
2003,1.1020716582155523,1.1020716582155523,1.1355318693048073,0.9258358688851924,0.9258358688851924,1.0183985447178363,98.7548198,98.90449736
2003,1.1388654310594577,1.1388654310594577,1.242615896887307,0.9567458323132132,0.9567458323132132,1.0521630001755,98.7548198,98.90449736
2003,1.3429700307802348,1.3429700307802348,1.4725023371552628,1.1282114153515446,1.1282114153515446,1.2009071949153005,98.7548198,98.90449736
2003,1.2550109561345262,1.2550109561345262,1.3666695436775602,1.0543181565113655,1.0543181565113655,1.1402651111578774,98.7548198,98.90449736
2003,1.1563901698120456,1.1563901698120456,1.254407287697621,0.9714681342697482,0.9714681342697482,1.0643222810296136,98.7548198,98.90449736
2003,1.163144852284665,1.163144852284665,1.2473790562728455,0.9771426539522589,0.9771426539522589,1.0631036435313153,98.7548198,98.90449736
2003,1.0280134968778432,1.0280134968778432,1.0938768717626668,0.863620584026894,0.863620584026894,0.8979821886742642,98.7548198,98.90449736
2004,1.1060799154610144,1.1060799154610144,1.135898658414158,1.2833210375458428,1.2833210375458428,1.3552428796716671,98.7548198,98.90449736
2004,0.897191707155149,0.897191707155149,0.9444524081404846,1.040960039513939,1.040960039513939,1.0725352234961936,98.7548198,98.90449736
2004,1.178649243825468,1.178649243825468,1.2373637518026974,1.3675190638085828,1.3675190638085828,1.4992440824945517,98.7548198,98.90449736
2004,1.0359432442401448,1.0359432442401448,1.078189323321134,1.201945483733655,1.201945483733655,1.284271502546899,98.7548198,98.90449736
2004,0.9860605628290376,0.9860605628290376,1.0628486576428675,1.1440694717301378,1.1440694717301378,1.18787752146132,98.7548198,98.90449736
2004,0.9122597654311972,0.9122597654311972,0.9666943592810998,1.0584426426335876,1.0584426426335876,1.1364880272831652,98.7548198,98.90449736
2004,1.0026183504116724,1.0026183504116724,1.0291713912839406,1.1632805222545963,1.1632805222545963,1.2440706560901025,98.7548198,98.90449736
2004,0.8398379019195948,0.8398379019195948,0.8714281158270641,0.9744157113752115,0.9744157113752115,1.0218239759771197,98.7548198,98.90449736
2004,0.990427410491967,0.990427410491967,1.0643734153407918,1.1491360744188408,1.1491360744188408,1.1825582459648765,98.7548198,98.90449736
2004,1.0457662537433496,1.0457662537433496,1.0730507855160913,1.213342557825016,1.213342557825016,1.3027972760940996,98.7548198,98.90449736
2005,0.875616323808743,0.875616323808743,0.9527551037953153,0.9480166616493872,0.9480166616493872,1.0064378244536776,98.7548198,98.90449736
2005,1.0503712327884072,1.0503712327884072,1.1129856708834207,1.1372211806984522,1.1372211806984522,1.2302293509784001,98.7548198,98.90449736
2005,1.0287724811619818,1.0287724811619818,1.0889010704307798,1.1138365362418343,1.1138365362418343,1.182463435955312,98.7548198,98.90449736
2005,0.9834957927714176,0.9834957927714176,1.0497761537322599,1.0648161447627722,1.0648161447627722,1.1587057972426151,98.7548198,98.90449736
2005,0.8645262786728392,0.8645262786728392,0.9388534735713834,0.9360096361047412,0.9360096361047412,0.996057038372838,98.7548198,98.90449736
2005,0.9250880548883772,0.9250880548883772,0.9693301474749854,1.0015789629323577,1.0015789629323577,1.0665564359349882,98.7548198,98.90449736
2005,0.903921124602171,0.903921124602171,0.9710293969437845,0.9786618449645142,0.9786618449645142,1.066870876437597,98.7548198,98.90449736
2005,0.989654183423114,0.989654183423114,1.054237587480745,1.0714837419603196,1.0714837419603196,1.1274994433040169,98.7548198,98.90449736
2005,0.9998690026521482,0.9998690026521482,1.0412258459191295,1.082543173541881,1.082543173541881,1.1158002186695102,98.7548198,98.90449736
2005,0.8336406559615452,0.8336406559615452,0.9089104033345841,0.9025702356052608,0.9025702356052608,0.9226999112726845,98.7548198,98.90449736
2006,0.9668998613673668,0.9668998613673668,1.0479203473741119,1.176185421884616,1.176185421884616,1.2707636448539297,98.7548198,98.90449736
2006,0.9477130257571216,0.9477130257571216,1.0165891567154213,1.152845594009418,1.152845594009418,1.2331121965455905,98.7548198,98.90449736
2006,0.8407134256398141,0.8407134256398141,0.9147353324928871,1.0226859209823844,1.0226859209823844,1.1007438366887217,98.7548198,98.90449736
2006,0.8073414256310281,0.8073414256310281,0.8795044570752015,0.9820905486198748,0.9820905486198748,1.018464366809285,98.7548198,98.90449736
2006,0.8558489351745401,0.8558489351745401,0.9214660498251214,1.041097512894669,1.041097512894669,1.0732775434776152,98.7548198,98.90449736
2006,0.7629173297469949,0.7629173297469949,0.8292614342169634,0.9280508532523396,0.9280508532523396,0.9476917254680542,98.7548198,98.90449736
2006,0.9320919386494247,0.9320919386494247,1.0027423795712112,1.1338433212155428,1.1338433212155428,1.1883210966041835,98.7548198,98.90449736
2006,0.8862657629617369,0.8862657629617369,0.9522139166214139,1.0780980657468353,1.0780980657468353,1.150539156433598,98.7548198,98.90449736
2006,1.0003712218104228,1.0003712218104228,1.0698859278667074,1.216901661256182,1.216901661256182,1.2794254888892824,98.7548198,98.90449736
2006,0.9072805869030236,0.9072805869030236,0.9800602142018463,1.103661550189018,1.103661550189018,1.1643607212415605,98.7548198,98.90449736
2007,1.2047403756848,1.2047403756848,1.2441214211294005,1.1157926566917613,1.1157926566917613,1.2188168003696072,98.7548198,98.90449736
2007,0.954355607385182,0.954355607385182,1.0406958354067368,0.8838941568532566,0.8838941568532566,0.9261977177818496,98.7548198,98.90449736
2007,1.0716073677218576,1.0716073677218576,1.1677814309028873,0.9924890506646964,0.9924890506646964,1.0531491468898186,98.7548198,98.90449736
2007,1.1769068442723136,1.1769068442723136,1.2031986873641392,1.090014115035267,1.090014115035267,1.1801498249501927,98.7548198,98.90449736
2007,0.879936686354051,0.879936686354051,0.9556687364833423,0.8149696920628567,0.8149696920628567,0.8571227138399631,98.7548198,98.90449736
2007,1.185763828887452,1.185763828887452,1.2217038436638834,1.0982171757058163,1.0982171757058163,1.1748364231374053,98.7548198,98.90449736
2007,1.1603329856980038,1.1603329856980038,1.2146476022700603,1.0746639283365345,1.0746639283365345,1.1702973005749966,98.7548198,98.90449736
2007,1.114713380764031,1.114713380764031,1.2033115365390548,1.032412484611514,1.032412484611514,1.131484490004565,98.7548198,98.90449736
2007,0.9759057213912592,0.9759057213912592,1.007974756004989,0.9038531948702097,0.9038531948702097,0.9325648856170854,98.7548198,98.90449736
2007,1.304397793706339,1.304397793706339,1.4158421001073012,1.2080922238496128,1.2080922238496128,1.3218063327004357,98.7548198,98.90449736
2008,0.9417643554902236,0.9417643554902236,1.023293587222889,1.323098911605741,1.323098911605741,1.401650372378415,98.7548198,98.90449736
2008,0.8295033252030612,0.8295033252030612,0.8797690855141524,1.1653817012199572,1.1653817012199572,1.212765598009664,98.7548198,98.90449736
2008,0.8768475609508419,0.8768475609508419,0.8948324670530148,1.2318963303026085,1.2318963303026085,1.3017828691663107,98.7548198,98.90449736
2008,0.9510457771872616,0.9510457771872616,0.9919056050868241,1.3361385205842655,1.3361385205842655,1.467618033017257,98.7548198,98.90449736
2008,0.762588502836578,0.762588502836578,0.8154771828968089,1.0713720605627677,1.0713720605627677,1.1350216827685546,98.7548198,98.90449736
2008,0.8684096566738448,0.8684096566738448,0.9539435739668352,1.220041791637979,1.220041791637979,1.276529883760262,98.7548198,98.90449736
2008,0.7817401571715306,0.7817401571715306,0.83688808078801,1.0982785078691484,1.0982785078691484,1.1758961216394928,98.7548198,98.90449736
2008,0.8331695179745829,0.8331695179745829,0.8671497422863385,1.170532390601498,1.170532390601498,1.216430896432801,98.7548198,98.90449736
2008,0.9040095825065262,0.9040095825065262,0.9679415526339238,1.2700566630310968,1.2700566630310968,1.3031658543192486,98.7548198,98.90449736
2008,0.749104123218857,0.749104123218857,0.7964466276370781,1.052427652769166,1.052427652769166,1.0843271324821468,98.7548198,98.90449736
